Time(s),FilteredDistance(m),SafeDistance(m),DistanceError(m),TargetVelocity(m/s),MeasuredVelocity(m/s),VelocityError(m/s),PIDOutput,PWMOutput
1775706233.476,0.143,0.15,-0.007,0.32,0.0,0.32,78.9,0
1775706233.479,0.143,0.15,-0.007,0.29,0.0,0.29,59.8,0
1775706233.629,0.143,0.15,-0.007,0.26,0.0,0.26,53.5,0
1775706233.779,0.143,0.15,-0.007,0.23,0.0,0.23,47.2,0
1775706233.929,0.142,0.15,-0.008,0.2,0.0,0.2,40.9,0
1775706234.079,0.142,0.15,-0.008,0.17,0.0,0.17,34.6,0
1775706234.229,0.142,0.15,-0.008,0.14,0.0,0.14,28.3,0
1775706234.38,0.141,0.15,-0.009,0.11,0.0,0.11,22.0,0
1775706234.53,0.142,0.15,-0.008,0.08,0.0,0.08,15.7,0
1775706234.68,0.142,0.15,-0.008,0.05,0.0,0.05,9.4,0
1775706234.83,0.143,0.15,-0.007,0.02,0.0,0.02,3.1,0
1775706234.98,0.144,0.15,-0.006,0.0,0.0,0.0,-0.7,0
1775706235.131,0.146,0.15,-0.004,0.0,0.0,0.0,0.0,0
1775706235.281,0.147,0.15,-0.003,0.0,0.0,0.0,0.0,0
1775706235.431,0.15,0.15,-0.0,0.0,0.0,0.0,0.0,0
1775706235.582,0.152,0.15,0.002,0.093,0.0,0.093,22.9,90
1775706235.732,0.157,0.15,0.007,0.164,0.0,0.164,42.5,90
1775706235.882,0.162,0.15,0.012,0.22,0.0,0.22,63.2,90
1775706236.032,0.168,0.15,0.018,0.269,0.0,0.269,86.3,90
1775706236.182,0.176,0.15,0.026,0.323,0.0,0.323,113.5,113
1775706236.332,0.186,0.15,0.036,0.35,0.0,0.35,137.0,137
1775706236.482,0.195,0.15,0.045,0.35,0.0,0.35,156.5,156
1775706236.633,0.205,0.15,0.055,0.35,0.0,0.35,177.0,176
1775706236.783,0.216,0.15,0.066,0.35,0.0,0.35,197.5,197
1775706236.933,0.227,0.15,0.077,0.35,0.0,0.35,217.9,217
1775706237.083,0.24,0.15,0.09,0.35,0.0,0.35,73.5,90
1775706237.233,0.25,0.15,0.1,0.35,0.0,0.35,94.0,93
1775706237.383,0.26,0.15,0.11,0.35,0.0,0.35,114.4,114
1775706237.534,0.27,0.15,0.12,0.35,0.0,0.35,134.9,134
1775706237.686,0.281,0.15,0.131,0.35,0.0,0.35,155.4,155
1775706237.835,0.291,0.15,0.141,0.35,0.0,0.35,175.9,175
1775706237.985,0.301,0.15,0.151,0.35,0.0,0.35,196.3,196
1775706238.136,0.311,0.15,0.161,0.35,0.0,0.35,216.8,216
1775706238.286,0.319,0.15,0.169,0.35,0.0,0.35,73.5,90
1775706238.436,0.326,0.15,0.176,0.35,0.0,0.35,94.0,93
1775706238.586,0.33,0.15,0.18,0.35,0.0,0.35,114.4,114
1775706238.737,0.331,0.15,0.181,0.35,0.0,0.35,134.9,134
1775706238.887,0.326,0.15,0.176,0.35,0.0,0.35,155.4,155
1775706239.038,0.321,0.15,0.171,0.35,0.0,0.35,175.9,175
1775706239.187,0.314,0.15,0.164,0.35,0.0,0.35,196.3,196
1775706239.339,0.304,0.15,0.154,0.35,0.0,0.35,216.8,216
1775706239.487,0.292,0.15,0.142,0.35,0.0,0.35,73.5,90
1775706239.638,0.28,0.15,0.13,0.35,0.0,0.35,94.0,93
1775706239.787,0.269,0.15,0.119,0.35,0.0,0.35,114.4,114
1775706239.937,0.257,0.15,0.107,0.35,0.0,0.35,134.9,134
1775706240.087,0.245,0.15,0.095,0.35,0.0,0.35,155.4,155
1775706240.237,0.235,0.15,0.085,0.35,0.0,0.35,175.9,175
1775706253.375,0.565,0.15,0.415,0.35,0.0,0.35,86.3,90
1775706253.379,0.565,0.15,0.415,0.35,0.0,0.35,94.0,93
1775706253.528,0.568,0.157,0.411,0.35,0.055,0.295,100.9,100
1775706253.679,0.572,0.163,0.408,0.35,0.066,0.284,117.6,117
1775706253.829,0.575,0.17,0.405,0.35,0.081,0.269,130.7,130
1775706253.98,0.579,0.179,0.4,0.35,0.111,0.239,139.7,139
1775706254.13,0.585,0.19,0.395,0.35,0.145,0.205,146.4,146
1775706254.283,0.592,0.202,0.39,0.35,0.18,0.17,151.0,150
1775706254.434,0.599,0.216,0.383,0.35,0.214,0.136,153.8,153
1775706254.58,0.605,0.231,0.375,0.35,0.249,0.101,154.5,154
1775706254.731,0.62,0.245,0.375,0.35,0.275,0.075,155.3,155
1775706254.883,0.635,0.258,0.377,0.35,0.293,0.057,156.1,156
1775706255.032,0.649,0.269,0.38,0.35,0.307,0.043,156.7,156
1775706255.188,0.662,0.279,0.383,0.35,0.316,0.034,157.4,157
1775706255.335,0.674,0.287,0.386,0.35,0.325,0.025,157.5,157
1775706255.482,0.683,0.294,0.388,0.35,0.332,0.018,157.7,157
1775706255.633,0.691,0.301,0.391,0.35,0.339,0.011,157.2,157
1775706255.783,0.698,0.306,0.392,0.35,0.344,0.006,156.9,156
1775706255.933,0.704,0.311,0.394,0.35,0.348,0.002,156.4,156
1775706256.083,0.71,0.314,0.395,0.35,0.351,-0.001,155.9,155
1775706256.234,0.714,0.317,0.397,0.35,0.35,-0.0,156.2,156
1775706256.383,0.718,0.319,0.399,0.35,0.349,0.001,156.5,156
1775706256.534,0.721,0.32,0.401,0.35,0.347,0.003,157.0,157
1775706256.684,0.723,0.321,0.402,0.35,0.347,0.003,157.1,157
1775706256.834,0.725,0.322,0.404,0.35,0.349,0.001,156.7,156
1775706256.984,0.727,0.323,0.404,0.35,0.351,-0.001,156.4,156
1775706257.134,0.728,0.324,0.405,0.35,0.352,-0.002,156.1,156
1775706257.284,0.73,0.324,0.406,0.35,0.352,-0.002,156.0,156
1775706257.435,0.731,0.325,0.406,0.35,0.352,-0.002,155.9,155
1775706257.585,0.708,0.325,0.383,0.35,0.351,-0.001,156.0,156
1775706257.735,0.712,0.325,0.387,0.35,0.348,0.002,156.6,156
1775706257.885,0.715,0.324,0.391,0.35,0.346,0.004,157.1,157
1775706258.036,0.718,0.324,0.394,0.35,0.348,0.002,156.9,156
1775706258.186,0.721,0.324,0.397,0.35,0.349,0.001,156.8,156
1775706258.337,0.723,0.324,0.399,0.35,0.35,0.0,156.7,156
1775706258.486,0.721,0.324,0.397,0.35,0.349,0.001,156.8,156
1775706258.636,0.719,0.324,0.395,0.35,0.348,0.002,157.2,157
1775706258.786,0.716,0.324,0.392,0.35,0.348,0.002,157.2,157
1775706258.937,0.713,0.325,0.388,0.35,0.352,-0.002,156.4,156
1775706259.087,0.707,0.326,0.382,0.35,0.356,-0.006,155.4,155
1775706259.237,0.697,0.326,0.371,0.35,0.358,-0.008,154.7,154
1775706259.387,0.687,0.327,0.36,0.35,0.359,-0.009,154.0,153
1775706259.537,0.677,0.328,0.349,0.35,0.359,-0.009,153.7,153
1775706259.688,0.661,0.328,0.333,0.35,0.361,-0.011,152.6,152
1775706259.838,0.648,0.329,0.319,0.35,0.361,-0.011,152.1,152
1775706259.99,0.635,0.329,0.306,0.35,0.36,-0.01,151.5,151
1775706260.14,0.624,0.329,0.294,0.35,0.36,-0.01,150.9,150
1775706260.29,0.612,0.33,0.283,0.35,0.36,-0.01,150.4,150
1775706260.44,0.601,0.33,0.272,0.35,0.359,-0.009,150.0,150
1775706260.589,0.589,0.33,0.26,0.35,0.359,-0.009,149.4,149
1775706260.739,0.575,0.33,0.246,0.35,0.359,-0.009,148.8,148
1775706260.889,0.564,0.329,0.234,0.35,0.357,-0.007,149.0,148
1775706261.04,0.553,0.329,0.224,0.35,0.356,-0.006,148.8,148
1775706261.189,0.541,0.329,0.213,0.35,0.357,-0.007,148.1,148
1775706261.34,0.528,0.329,0.199,0.35,0.357,-0.007,147.6,147
1775706261.49,0.516,0.329,0.187,0.35,0.357,-0.007,147.3,147
1775706261.64,0.504,0.329,0.175,0.35,0.358,-0.008,146.7,146
1775706261.79,0.492,0.329,0.164,0.35,0.357,-0.007,146.3,146
1775706261.94,0.48,0.329,0.151,0.35,0.358,-0.008,145.7,145
1775706262.09,0.468,0.329,0.139,0.35,0.356,-0.006,145.7,145
1775706262.241,0.455,0.328,0.126,0.35,0.355,-0.005,145.5,145
1775706262.391,0.443,0.328,0.115,0.35,0.356,-0.006,145.1,145
1775706262.541,0.431,0.328,0.103,0.35,0.354,-0.004,145.2,145
1775706262.691,0.42,0.328,0.093,0.35,0.353,-0.003,145.1,145
1775706262.842,0.41,0.327,0.083,0.35,0.352,-0.002,145.2,145
1775706262.992,0.4,0.327,0.073,0.35,0.351,-0.001,145.2,145
1775706263.142,0.39,0.326,0.064,0.35,0.35,-0.0,145.3,145
1775706263.292,0.381,0.326,0.055,0.35,0.349,0.001,145.7,145
1775706263.442,0.372,0.326,0.047,0.35,0.35,0.0,145.5,145
1775706263.592,0.364,0.326,0.038,0.35,0.351,-0.001,145.1,145
1775706263.742,0.355,0.325,0.03,0.35,0.349,0.001,145.5,145
1775706263.893,0.347,0.325,0.022,0.35,0.346,0.004,146.3,146
1775706264.043,0.34,0.324,0.016,0.35,0.345,0.005,146.8,146
1775706264.193,0.334,0.324,0.01,0.35,0.345,0.005,147.1,147
1775706264.343,0.329,0.323,0.006,0.35,0.343,0.007,147.9,147
1775706264.493,0.324,0.323,0.002,0.35,0.345,0.005,147.6,147
1775706264.644,0.321,0.323,-0.003,0.333,0.348,-0.015,143.1,143
1775706264.794,0.317,0.324,-0.007,0.31,0.35,-0.04,136.8,136
1775706264.944,0.314,0.324,-0.01,0.284,0.347,-0.063,129.6,129
1775706265.094,0.311,0.323,-0.012,0.26,0.34,-0.08,122.7,122
1775706265.245,0.309,0.321,-0.012,0.245,0.328,-0.083,117.9,117
1775706265.394,0.327,0.317,0.009,0.35,0.314,0.036,142.6,142
1775706265.545,0.368,0.313,0.054,0.35,0.305,0.045,142.5,142
1775706265.695,0.368,0.311,0.057,0.35,0.307,0.043,144.4,144
1775706265.845,0.368,0.31,0.058,0.35,0.313,0.037,145.4,145
1775706265.995,0.368,0.31,0.058,0.35,0.32,0.03,146.1,146
1775706266.145,0.368,0.311,0.057,0.35,0.327,0.023,146.4,146
1775706266.296,0.368,0.312,0.055,0.35,0.335,0.015,145.9,145
1775706266.446,0.368,0.315,0.053,0.35,0.341,0.009,145.6,145
1775706266.596,0.368,0.317,0.051,0.35,0.345,0.005,145.4,145
1775706266.746,0.358,0.318,0.04,0.35,0.347,0.003,145.4,145
1775706266.896,0.35,0.32,0.03,0.35,0.35,-0.0,144.8,144
1775706267.046,0.336,0.322,0.014,0.35,0.353,-0.003,144.4,144
1775706267.197,0.322,0.323,-0.001,0.349,0.354,-0.005,143.6,143
1775706267.347,0.308,0.324,-0.016,0.319,0.355,-0.036,135.9,135
1775706267.497,0.296,0.325,-0.029,0.289,0.352,-0.063,128.2,128
1775706267.647,0.296,0.324,-0.028,0.259,0.344,-0.085,120.0,120
1775706267.798,0.296,0.322,-0.026,0.229,0.331,-0.102,111.8,111
1775706267.948,0.296,0.318,-0.022,0.199,0.311,-0.111,104.0,104
1775706268.098,0.277,0.312,-0.035,0.169,0.29,-0.121,95.6,95
1775706268.248,0.261,0.304,-0.043,0.139,0.263,-0.124,88.0,88
1775706268.398,0.247,0.295,-0.048,0.109,0.231,-0.122,81.5,81
1775706268.548,0.234,0.282,-0.048,0.079,0.191,-0.112,76.8,76
1775706268.699,0.222,0.269,-0.047,0.049,0.158,-0.109,70.7,70
1775706268.849,0.21,0.256,-0.045,0.019,0.131,-0.112,63.4,63
1775706268.999,0.199,0.242,-0.043,0.0,0.101,-0.101,59.6,60
1775706269.149,0.187,0.229,-0.042,0.0,0.079,-0.079,58.8,60
1775706269.299,0.176,0.217,-0.041,0.0,0.06,-0.06,58.0,60
1775706269.449,0.165,0.206,-0.041,0.0,0.047,-0.047,57.0,60
1775706269.599,0.155,0.196,-0.041,0.0,0.036,-0.036,56.4,60
1775706269.75,0.146,0.188,-0.043,0.0,0.029,-0.029,-5.9,0
1775706269.9,0.138,0.182,-0.045,0.0,0.028,-0.028,-5.8,0
1775706270.05,0.13,0.177,-0.047,0.0,0.026,-0.026,-5.5,0
1775706270.2,0.124,0.174,-0.05,0.0,0.025,-0.025,-5.2,0
1775706270.35,0.119,0.171,-0.052,0.0,0.024,-0.024,-5.9,0
1775706270.5,0.114,0.168,-0.054,0.0,0.023,-0.023,-5.6,0
1775706270.651,0.11,0.166,-0.056,0.0,0.021,-0.021,-5.3,0
1775706270.802,0.107,0.165,-0.057,0.0,0.02,-0.02,-5.0,0
1775706270.952,0.107,0.164,-0.057,0.0,0.019,-0.019,-4.8,0
1775706271.102,0.11,0.162,-0.053,0.0,0.018,-0.018,-4.5,0
1775706271.253,0.115,0.162,-0.047,0.0,0.017,-0.017,-4.3,0
1775706271.402,0.119,0.161,-0.042,0.0,0.017,-0.017,-4.1,0
1775706271.553,0.122,0.16,-0.038,0.0,0.016,-0.016,-3.3,0
1775706271.703,0.122,0.159,-0.037,0.0,0.015,-0.015,-3.1,0
1775706271.854,0.121,0.159,-0.038,0.0,0.014,-0.014,-3.0,0
1775706272.002,0.117,0.158,-0.041,0.0,0.013,-0.013,-3.3,0
1775706272.152,0.113,0.158,-0.045,0.0,0.013,-0.013,-3.2,0
1775706272.303,0.11,0.157,-0.048,0.0,0.012,-0.012,-3.0,0
1775706272.454,0.106,0.157,-0.05,0.0,0.012,-0.012,-2.9,0
1775706272.603,0.105,0.157,-0.052,0.0,0.011,-0.011,-2.7,0
1775706272.753,0.107,0.156,-0.049,0.0,0.01,-0.01,-2.6,0
1775706272.903,0.111,0.156,-0.045,0.0,0.01,-0.01,-2.4,0
1775706273.054,0.118,0.156,-0.037,0.0,0.009,-0.009,-2.3,0
1775706273.204,0.125,0.155,-0.031,0.0,0.009,-0.009,-1.9,0
1775706273.354,0.131,0.155,-0.025,0.0,0.009,-0.009,-1.8,0
1775706273.504,0.137,0.155,-0.018,0.0,0.008,-0.008,-1.7,0
1775706273.654,0.144,0.155,-0.011,0.0,0.008,-0.008,-1.6,0
1775706273.804,0.152,0.154,-0.002,0.0,0.007,-0.007,-1.5,0
1775706273.955,0.161,0.154,0.007,0.169,0.007,0.163,40.4,90
1775706274.105,0.171,0.154,0.017,0.258,0.008,0.25,65.1,90
1775706274.255,0.18,0.155,0.024,0.312,0.018,0.294,87.6,87
1775706274.405,0.187,0.157,0.03,0.347,0.026,0.321,109.7,109
1775706274.556,0.194,0.161,0.033,0.35,0.042,0.308,124.3,124
1775706274.706,0.199,0.166,0.033,0.35,0.064,0.286,137.4,137
1775706274.856,0.204,0.173,0.031,0.35,0.087,0.263,149.2,149
1775706275.006,0.204,0.181,0.022,0.321,0.114,0.207,151.6,151
1775706275.157,0.199,0.193,0.006,0.291,0.153,0.138,148.7,148
1775706275.307,0.193,0.206,-0.013,0.261,0.189,0.072,143.0,143
1775706275.457,0.186,0.219,-0.033,0.231,0.216,0.015,135.6,135
1775706275.607,0.179,0.231,-0.052,0.201,0.234,-0.033,126.8,126
1775706275.757,0.177,0.241,-0.064,0.171,0.241,-0.07,117.5,117
1775706275.907,0.176,0.248,-0.072,0.141,0.239,-0.098,107.7,107
1775706276.057,0.175,0.252,-0.077,0.111,0.228,-0.117,98.3,98
1775706276.208,0.173,0.253,-0.079,0.081,0.21,-0.129,89.2,89
1775706276.358,0.171,0.249,-0.078,0.051,0.179,-0.128,82.3,82
1775706276.508,0.166,0.243,-0.077,0.021,0.146,-0.125,75.5,75
1775706276.658,0.159,0.234,-0.075,0.0,0.116,-0.116,70.3,70
1775706276.808,0.153,0.224,-0.071,0.0,0.09,-0.09,69.6,69
1775706276.958,0.148,0.215,-0.067,0.0,0.072,-0.072,-14.4,0
1775706277.109,0.147,0.207,-0.06,0.0,0.068,-0.068,-14.2,0
1775706277.26,0.149,0.201,-0.052,0.0,0.065,-0.065,-13.5,0
1775706277.411,0.152,0.196,-0.044,0.0,0.061,-0.061,-12.8,0
1775706277.56,0.158,0.192,-0.033,0.0,0.058,-0.058,-12.1,0
1775706277.709,0.166,0.188,-0.022,0.0,0.055,-0.055,-11.5,0
1775706277.859,0.173,0.185,-0.012,0.0,0.053,-0.053,-11.0,0
1775706278.009,0.18,0.183,-0.003,0.0,0.05,-0.05,-10.4,0
1775706278.16,0.183,0.18,0.003,0.12,0.048,0.073,19.8,60
1775706278.31,0.187,0.177,0.009,0.197,0.037,0.16,41.0,60
1775706278.46,0.188,0.174,0.013,0.234,0.029,0.204,58.2,60
1775706278.611,0.187,0.171,0.016,0.252,0.024,0.228,74.4,74
1775706278.761,0.186,0.168,0.018,0.27,0.019,0.251,92.3,92
1775706278.911,0.185,0.167,0.019,0.274,0.024,0.25,106.0,106
1775706279.061,0.183,0.167,0.016,0.254,0.038,0.216,112.4,112
1775706279.211,0.182,0.17,0.011,0.224,0.059,0.165,113.5,113
1775706279.362,0.181,0.176,0.005,0.194,0.086,0.108,111.2,111
1775706279.512,0.18,0.183,-0.003,0.164,0.109,0.055,106.4,106
1775706279.662,0.18,0.19,-0.011,0.134,0.125,0.009,100.2,100
1775706279.812,0.179,0.197,-0.018,0.104,0.132,-0.028,93.4,93
1775706279.962,0.178,0.201,-0.023,0.074,0.126,-0.052,87.1,87
1775706280.113,0.177,0.202,-0.025,0.044,0.109,-0.065,81.7,81
1775706280.263,0.175,0.201,-0.026,0.014,0.094,-0.08,74.8,74
1775706280.413,0.173,0.198,-0.025,0.0,0.078,-0.078,71.0,71
1775706280.563,0.172,0.194,-0.022,0.0,0.064,-0.064,69.8,69
1775706280.713,0.171,0.189,-0.019,0.0,0.052,-0.052,68.5,68
1775706280.863,0.171,0.185,-0.014,0.0,0.04,-0.04,68.0,67
1775706281.014,0.172,0.18,-0.009,0.0,0.034,-0.034,66.7,66
1775706281.164,0.179,0.177,0.002,0.093,0.032,0.061,87.9,87
1775706281.314,0.186,0.174,0.012,0.225,0.031,0.194,120.8,120
1775706281.464,0.193,0.173,0.019,0.282,0.044,0.238,138.3,138
1775706281.615,0.198,0.176,0.021,0.3,0.069,0.231,148.8,148
1775706281.765,0.2,0.182,0.018,0.284,0.098,0.187,151.6,151
1775706281.916,0.199,0.189,0.009,0.254,0.123,0.131,150.4,150
1775706282.065,0.197,0.199,-0.002,0.224,0.157,0.067,144.4,144
1775706282.215,0.195,0.211,-0.016,0.194,0.191,0.003,134.9,134
1775706282.366,0.193,0.223,-0.03,0.164,0.217,-0.052,123.7,123
1775706282.516,0.191,0.233,-0.042,0.134,0.229,-0.095,112.3,112
1775706282.669,0.19,0.241,-0.052,0.104,0.23,-0.126,100.5,100
1775706282.817,0.188,0.246,-0.058,0.074,0.22,-0.145,89.5,89
1775706282.968,0.187,0.246,-0.059,0.044,0.194,-0.15,80.7,80
1775706283.117,0.187,0.243,-0.056,0.014,0.164,-0.15,72.0,72
1775706283.268,0.19,0.236,-0.046,0.0,0.131,-0.131,67.9,67
1775706283.417,0.195,0.227,-0.032,0.0,0.1,-0.1,67.2,67
1775706283.568,0.2,0.217,-0.018,0.0,0.077,-0.077,65.9,65
1775706283.718,0.204,0.208,-0.004,0.0,0.061,-0.061,64.5,64
1775706283.868,0.209,0.199,0.009,0.197,0.047,0.15,112.5,112
1775706284.017,0.212,0.193,0.019,0.28,0.05,0.231,133.4,133
1775706284.168,0.215,0.191,0.025,0.321,0.068,0.253,149.5,149
1775706284.318,0.216,0.192,0.024,0.321,0.092,0.23,157.6,157
1775706284.468,0.214,0.196,0.018,0.293,0.117,0.176,158.7,158
1775706284.618,0.21,0.204,0.006,0.263,0.155,0.108,154.1,154
1775706284.768,0.207,0.215,-0.007,0.233,0.193,0.04,146.3,146
1775706284.918,0.204,0.226,-0.021,0.203,0.22,-0.017,137.0,136
1775706285.069,0.204,0.236,-0.033,0.173,0.235,-0.062,126.9,126
1775706285.219,0.203,0.245,-0.042,0.143,0.24,-0.097,116.3,116
1775706285.369,0.202,0.25,-0.048,0.113,0.235,-0.122,105.8,105
1775706285.519,0.2,0.253,-0.053,0.083,0.222,-0.139,95.3,95
1775706285.669,0.197,0.252,-0.055,0.053,0.198,-0.145,86.4,86
1775706285.82,0.194,0.248,-0.054,0.023,0.171,-0.148,77.3,77
1775706285.97,0.192,0.241,-0.049,0.0,0.14,-0.14,70.8,70
1775706286.12,0.19,0.232,-0.042,0.0,0.109,-0.109,70.0,69
1775706286.27,0.189,0.222,-0.033,0.0,0.084,-0.084,68.7,68
1775706286.42,0.187,0.212,-0.025,0.0,0.066,-0.066,67.3,67
1775706286.571,0.185,0.203,-0.018,0.0,0.051,-0.051,66.4,66
1775706286.721,0.184,0.195,-0.011,0.0,0.041,-0.041,65.3,65
1775706286.871,0.183,0.188,-0.005,0.0,0.032,-0.032,64.8,64
1775706287.021,0.182,0.181,0.0,0.051,0.025,0.026,76.9,76
1775706287.171,0.181,0.176,0.004,0.132,0.023,0.109,96.9,96
1775706287.321,0.179,0.173,0.006,0.152,0.026,0.126,104.4,104
1775706287.471,0.177,0.172,0.005,0.145,0.037,0.108,106.7,106
1775706287.622,0.175,0.173,0.002,0.115,0.052,0.063,102.6,102
1775706287.772,0.172,0.176,-0.003,0.085,0.067,0.018,96.8,96
1775706287.922,0.171,0.179,-0.009,0.055,0.08,-0.025,89.0,89
1775706288.072,0.169,0.182,-0.013,0.025,0.082,-0.057,81.1,81
1775706288.222,0.169,0.184,-0.015,0.0,0.077,-0.077,74.2,74
1775706288.373,0.171,0.184,-0.013,0.0,0.066,-0.066,72.9,72
1775706288.523,0.174,0.182,-0.008,0.0,0.055,-0.055,71.6,71
1775706288.673,0.18,0.179,0.0,0.054,0.043,0.011,84.2,84
1775706288.823,0.185,0.177,0.008,0.186,0.041,0.145,115.4,115
1775706288.975,0.19,0.177,0.013,0.233,0.057,0.176,126.6,126
1775706289.125,0.193,0.181,0.012,0.233,0.085,0.148,128.9,128
1775706289.275,0.194,0.188,0.006,0.203,0.119,0.083,122.6,122
1775706289.424,0.196,0.197,-0.001,0.173,0.149,0.024,115.1,115
1775706289.574,0.197,0.207,-0.01,0.143,0.17,-0.027,106.2,106
1775706289.725,0.198,0.215,-0.017,0.113,0.177,-0.064,97.3,97
1775706289.875,0.199,0.22,-0.021,0.083,0.172,-0.089,88.8,88
1775706290.025,0.2,0.222,-0.022,0.053,0.153,-0.101,81.6,81
1775706290.175,0.205,0.22,-0.015,0.023,0.134,-0.111,73.6,73
1775706290.325,0.212,0.216,-0.005,0.0,0.109,-0.109,68.0,67
1775706290.475,0.218,0.211,0.008,0.196,0.087,0.11,115.5,115
1775706290.625,0.229,0.206,0.023,0.316,0.083,0.233,144.3,144
1775706290.776,0.241,0.204,0.037,0.35,0.1,0.25,157.6,157
1775706290.926,0.253,0.207,0.046,0.35,0.128,0.222,164.7,164
1775706291.076,0.263,0.214,0.049,0.35,0.171,0.179,168.1,168
1775706291.226,0.272,0.225,0.046,0.35,0.218,0.132,168.5,168
1775706291.377,0.279,0.239,0.041,0.35,0.258,0.092,168.2,168
1775706291.528,0.286,0.253,0.033,0.35,0.289,0.061,167.3,167
1775706291.677,0.292,0.266,0.025,0.35,0.313,0.037,166.2,166
1775706291.827,0.295,0.278,0.017,0.35,0.328,0.022,165.4,165
1775706291.978,0.298,0.288,0.01,0.35,0.339,0.011,164.5,164
1775706292.128,0.301,0.297,0.004,0.35,0.346,0.004,163.8,163
1775706292.278,0.304,0.304,-0.001,0.347,0.351,-0.004,162.4,162
1775706292.428,0.305,0.31,-0.005,0.328,0.358,-0.03,156.0,156
1775706292.578,0.307,0.316,-0.009,0.311,0.363,-0.052,149.9,149
1775706292.729,0.309,0.32,-0.01,0.3,0.362,-0.062,145.1,145
1775706292.878,0.311,0.322,-0.011,0.29,0.357,-0.067,140.6,140
1775706293.029,0.312,0.323,-0.011,0.286,0.352,-0.066,137.1,137
1775706293.179,0.313,0.323,-0.01,0.287,0.348,-0.061,134.5,134
1775706293.329,0.314,0.323,-0.009,0.292,0.345,-0.053,132.6,132
1775706293.479,0.315,0.322,-0.007,0.294,0.339,-0.045,131.2,131
1775706293.629,0.315,0.321,-0.006,0.296,0.332,-0.036,130.5,130
1775706293.78,0.315,0.318,-0.004,0.301,0.324,-0.022,131.4,131
1775706293.93,0.315,0.316,-0.001,0.313,0.318,-0.005,133.9,133
1775706294.08,0.316,0.314,0.002,0.325,0.314,0.012,137.1,137
1775706294.23,0.316,0.312,0.005,0.339,0.311,0.028,141.3,141
1775706294.385,0.316,0.31,0.006,0.349,0.31,0.039,145.0,144
1775706294.531,0.317,0.309,0.009,0.35,0.311,0.039,146.9,146
1775706294.681,0.318,0.309,0.009,0.35,0.317,0.033,147.6,147
1775706294.831,0.319,0.31,0.009,0.35,0.324,0.026,148.1,148
1775706294.981,0.321,0.311,0.01,0.35,0.329,0.021,148.6,148
1775706295.131,0.326,0.312,0.013,0.35,0.334,0.016,148.8,148
1775706295.282,0.331,0.314,0.018,0.35,0.336,0.014,149.3,149
1775706295.432,0.336,0.315,0.021,0.35,0.337,0.013,149.9,149
1775706295.583,0.341,0.316,0.025,0.35,0.34,0.01,150.0,150
1775706295.732,0.344,0.317,0.027,0.35,0.341,0.009,150.5,150
1775706295.882,0.346,0.318,0.028,0.35,0.342,0.008,150.8,150
1775706296.033,0.347,0.319,0.028,0.35,0.343,0.007,150.9,150
1775706296.184,0.348,0.32,0.028,0.35,0.347,0.003,150.6,150
1775706296.333,0.348,0.321,0.026,0.35,0.349,0.001,150.3,150
1775706296.485,0.347,0.322,0.025,0.35,0.352,-0.002,149.8,149
1775706296.635,0.347,0.323,0.024,0.35,0.353,-0.003,149.6,149
1775706296.785,0.347,0.324,0.023,0.35,0.353,-0.003,149.5,149
1775706296.935,0.347,0.325,0.022,0.35,0.351,-0.001,149.6,149
1775706297.084,0.347,0.325,0.022,0.35,0.353,-0.003,149.2,149
1775706297.235,0.347,0.325,0.021,0.35,0.351,-0.001,149.6,149
1775706297.385,0.346,0.325,0.022,0.35,0.349,0.001,149.9,149
1775706297.539,0.346,0.325,0.022,0.35,0.347,0.003,150.4,150
1775706297.685,0.347,0.324,0.022,0.35,0.348,0.002,150.2,150
1775706297.835,0.348,0.325,0.024,0.35,0.35,-0.0,149.9,149
1775706297.985,0.35,0.325,0.025,0.35,0.351,-0.001,149.8,149
1775706298.136,0.352,0.325,0.027,0.35,0.351,-0.001,149.7,149
1775706298.286,0.354,0.325,0.028,0.35,0.351,-0.001,149.6,149
1775706298.436,0.355,0.325,0.03,0.35,0.352,-0.002,149.2,149
1775706298.586,0.359,0.326,0.033,0.35,0.353,-0.003,148.9,148
1775706298.737,0.363,0.326,0.037,0.35,0.353,-0.003,148.8,148
1775706298.887,0.369,0.326,0.043,0.35,0.354,-0.004,148.5,148
1775706299.037,0.374,0.326,0.047,0.35,0.353,-0.003,148.4,148
1775706299.187,0.379,0.326,0.052,0.35,0.353,-0.003,148.2,148
1775706299.337,0.383,0.326,0.057,0.35,0.354,-0.004,147.9,147
1775706299.489,0.388,0.327,0.062,0.35,0.354,-0.004,147.5,147
1775706299.637,0.393,0.327,0.066,0.35,0.355,-0.005,147.2,147
1775706299.787,0.397,0.327,0.07,0.35,0.354,-0.004,147.1,147
1775706299.938,0.4,0.327,0.073,0.35,0.352,-0.002,147.4,147
1775706300.088,0.403,0.326,0.077,0.35,0.35,0.0,147.7,147
1775706300.238,0.405,0.326,0.08,0.35,0.347,0.003,148.2,148
1775706300.389,0.408,0.325,0.083,0.35,0.345,0.005,149.0,148
1775706300.539,0.41,0.324,0.086,0.35,0.344,0.006,149.5,149
1775706300.69,0.413,0.324,0.089,0.35,0.347,0.003,149.0,149
1775706300.839,0.416,0.324,0.092,0.35,0.348,0.002,149.0,149
1775706300.991,0.418,0.324,0.094,0.35,0.351,-0.001,148.4,148
1775706301.139,0.421,0.324,0.096,0.35,0.349,0.001,148.9,148
1775706301.289,0.422,0.324,0.098,0.35,0.349,0.001,149.0,148
1775706301.44,0.423,0.324,0.099,0.35,0.348,0.002,149.3,149
1775706301.59,0.424,0.325,0.1,0.35,0.351,-0.001,148.6,148
1775706301.74,0.425,0.325,0.1,0.35,0.351,-0.001,148.6,148
1775706301.89,0.426,0.325,0.101,0.35,0.352,-0.002,148.3,148
1775706302.04,0.429,0.325,0.104,0.35,0.349,0.001,148.9,148
1775706302.19,0.431,0.324,0.107,0.35,0.343,0.007,150.4,150
1775706302.341,0.435,0.323,0.112,0.35,0.341,0.009,151.2,151
1775706302.491,0.442,0.322,0.119,0.35,0.339,0.011,152.1,152
1775706302.641,0.447,0.322,0.125,0.35,0.341,0.009,152.1,152
1775706302.791,0.452,0.322,0.13,0.35,0.345,0.005,151.8,151
1775706302.942,0.456,0.322,0.134,0.35,0.348,0.002,151.6,151
1775706303.091,0.46,0.323,0.137,0.35,0.35,0.0,151.3,151
1775706303.242,0.464,0.323,0.14,0.35,0.349,0.001,151.5,151
1775706303.392,0.467,0.324,0.143,0.35,0.348,0.002,151.8,151
1775706303.542,0.47,0.324,0.147,0.35,0.347,0.003,152.1,152
1775706303.692,0.472,0.324,0.148,0.35,0.348,0.002,152.0,151
1775706303.843,0.474,0.324,0.15,0.35,0.351,-0.001,151.4,151
1775706303.993,0.476,0.325,0.151,0.35,0.352,-0.002,151.1,151
1775706304.143,0.477,0.325,0.152,0.35,0.355,-0.005,150.3,150
1775706304.293,0.48,0.326,0.153,0.35,0.357,-0.007,149.6,149
1775706304.443,0.482,0.327,0.155,0.35,0.358,-0.008,149.1,149
1775706304.597,0.484,0.327,0.157,0.35,0.357,-0.007,149.0,149
1775706304.749,0.486,0.327,0.159,0.35,0.352,-0.002,149.6,149
1775706304.895,0.488,0.327,0.161,0.35,0.352,-0.002,149.3,149
1775706305.046,0.489,0.327,0.162,0.35,0.356,-0.006,148.2,148
1775706305.196,0.49,0.328,0.162,0.35,0.36,-0.01,147.1,147
1775706305.347,0.491,0.329,0.162,0.35,0.364,-0.014,145.7,145
1775706305.496,0.492,0.33,0.163,0.35,0.363,-0.013,145.2,145
1775706305.647,0.493,0.329,0.164,0.35,0.356,-0.006,146.1,146
1775706305.798,0.493,0.328,0.165,0.35,0.349,0.001,147.2,147
1775706305.947,0.494,0.327,0.167,0.35,0.347,0.003,147.5,147
1775706306.097,0.494,0.326,0.168,0.35,0.348,0.002,147.3,147
1775706306.25,0.495,0.326,0.169,0.35,0.349,0.001,147.2,147
1775706306.397,0.495,0.326,0.169,0.35,0.35,0.0,147.1,147
1775706306.548,0.495,0.326,0.17,0.35,0.351,-0.001,147.0,146
1775706306.697,0.495,0.325,0.17,0.35,0.349,0.001,147.4,147
1775706306.848,0.495,0.325,0.171,0.35,0.347,0.003,147.9,147
1775706306.998,0.495,0.324,0.171,0.35,0.344,0.006,148.7,148
1775706307.148,0.496,0.324,0.172,0.35,0.344,0.006,148.9,148
1775706307.298,0.496,0.323,0.173,0.35,0.342,0.008,149.7,149
1775706307.449,0.496,0.322,0.174,0.35,0.341,0.009,150.5,150
1775706307.599,0.501,0.322,0.179,0.35,0.342,0.008,150.7,150
1775706307.749,0.504,0.322,0.182,0.35,0.343,0.007,150.8,150
1775706307.899,0.505,0.323,0.183,0.35,0.349,0.001,149.8,149
1775706308.05,0.506,0.324,0.183,0.35,0.353,-0.003,149.2,149
1775706308.201,0.507,0.325,0.183,0.35,0.356,-0.006,148.5,148
1775706308.35,0.508,0.326,0.182,0.35,0.357,-0.007,148.0,147
1775706308.5,0.511,0.326,0.185,0.35,0.353,-0.003,148.6,148
1775706308.652,0.513,0.325,0.188,0.35,0.347,0.003,149.8,149
1775706308.8,0.512,0.324,0.188,0.35,0.344,0.006,150.4,150
1775706308.951,0.51,0.324,0.187,0.35,0.342,0.008,151.1,151
1775706309.101,0.51,0.323,0.188,0.35,0.34,0.01,152.1,152
1775706309.251,0.51,0.322,0.188,0.35,0.338,0.012,153.1,153
1775706309.401,0.51,0.321,0.189,0.35,0.339,0.011,153.6,153
1775706309.551,0.511,0.321,0.19,0.35,0.342,0.008,153.4,153
1775706309.701,0.511,0.321,0.189,0.35,0.345,0.005,153.1,153
1775706309.857,0.511,0.322,0.189,0.35,0.348,0.002,152.9,152
1775706310.002,0.511,0.323,0.189,0.35,0.348,0.002,153.1,153
1775706310.153,0.513,0.323,0.19,0.35,0.347,0.003,153.4,153
1775706310.302,0.514,0.323,0.191,0.35,0.347,0.003,153.5,153
1775706310.454,0.515,0.323,0.191,0.35,0.347,0.003,153.9,153
1775706310.603,0.515,0.323,0.192,0.35,0.346,0.004,154.2,154
1775706310.753,0.516,0.323,0.193,0.35,0.346,0.004,154.5,154
1775706310.903,0.515,0.323,0.192,0.35,0.348,0.002,154.1,154
1775706311.053,0.519,0.324,0.195,0.35,0.353,-0.003,153.1,153
1775706311.203,0.518,0.325,0.193,0.35,0.354,-0.004,152.9,152
1775706311.356,0.517,0.325,0.192,0.35,0.354,-0.004,152.6,152
1775706311.504,0.517,0.326,0.191,0.35,0.354,-0.004,152.5,152
1775706311.654,0.516,0.326,0.19,0.35,0.352,-0.002,152.6,152
1775706311.804,0.514,0.326,0.188,0.35,0.353,-0.003,152.2,152
1775706311.955,0.513,0.326,0.187,0.35,0.353,-0.003,152.1,152
1775706312.106,0.512,0.326,0.186,0.35,0.353,-0.003,152.0,151
1775706312.254,0.512,0.326,0.185,0.35,0.353,-0.003,151.8,151
1775706312.406,0.511,0.326,0.185,0.35,0.349,0.001,152.7,152
1775706312.555,0.512,0.325,0.188,0.35,0.344,0.006,153.8,153
1775706312.705,0.512,0.324,0.189,0.35,0.341,0.009,154.7,154
1775706312.855,0.512,0.323,0.189,0.35,0.342,0.008,154.9,154
1775706313.007,0.512,0.323,0.189,0.35,0.343,0.007,155.1,155
1775706313.157,0.511,0.323,0.188,0.35,0.345,0.005,155.2,155
1775706313.306,0.51,0.323,0.187,0.35,0.346,0.004,155.1,155
1775706313.458,0.508,0.323,0.185,0.35,0.348,0.002,155.0,155
1775706313.607,0.507,0.323,0.184,0.35,0.35,0.0,154.7,154
1775706313.757,0.506,0.324,0.182,0.35,0.349,0.001,154.9,154
1775706313.907,0.505,0.324,0.181,0.35,0.349,0.001,155.0,155
1775706314.057,0.504,0.325,0.18,0.35,0.353,-0.003,154.1,154
1775706314.208,0.504,0.326,0.178,0.35,0.358,-0.008,152.7,152
1775706314.358,0.503,0.327,0.176,0.35,0.363,-0.013,151.4,151
1775706314.508,0.503,0.328,0.174,0.35,0.365,-0.015,150.2,150
1775706314.658,0.502,0.329,0.173,0.35,0.364,-0.014,149.7,149
1775706314.808,0.502,0.33,0.172,0.35,0.362,-0.012,149.4,149
1775706314.963,0.502,0.33,0.172,0.35,0.359,-0.009,149.2,149
1775706315.109,0.501,0.33,0.172,0.35,0.359,-0.009,148.5,148
1775706315.258,0.501,0.329,0.171,0.35,0.358,-0.008,148.5,148
1775706315.409,0.501,0.329,0.171,0.35,0.355,-0.005,148.5,148
1775706315.559,0.5,0.328,0.172,0.35,0.352,-0.002,149.0,149
1775706315.709,0.502,0.327,0.175,0.35,0.347,0.003,150.0,149
1775706315.86,0.503,0.326,0.177,0.35,0.343,0.007,150.9,150
1775706316.01,0.503,0.324,0.179,0.35,0.339,0.011,152.3,152
1775706316.16,0.504,0.323,0.181,0.35,0.338,0.012,152.9,152
1775706316.31,0.504,0.322,0.182,0.35,0.339,0.011,153.5,153
1775706316.46,0.505,0.321,0.184,0.35,0.337,0.013,154.5,154
1775706316.61,0.509,0.32,0.188,0.35,0.337,0.013,155.3,155
1775706316.76,0.512,0.32,0.192,0.35,0.338,0.012,155.8,155
1775706316.911,0.514,0.32,0.194,0.35,0.338,0.012,156.4,156
1775706317.061,0.514,0.32,0.194,0.35,0.339,0.011,157.0,156
1775706317.211,0.514,0.32,0.194,0.35,0.34,0.01,157.3,157
1775706317.361,0.514,0.32,0.194,0.35,0.344,0.006,157.0,156
1775706317.511,0.514,0.321,0.193,0.35,0.348,0.002,156.5,156
1775706317.662,0.515,0.322,0.192,0.35,0.351,-0.001,156.0,156
1775706317.812,0.515,0.323,0.192,0.35,0.351,-0.001,156.0,156
1775706317.962,0.516,0.324,0.192,0.35,0.352,-0.002,155.6,155
1775706318.112,0.515,0.325,0.19,0.35,0.352,-0.002,155.6,155
1775706318.262,0.514,0.325,0.189,0.35,0.351,-0.001,155.7,155
1775706318.413,0.513,0.325,0.188,0.35,0.352,-0.002,155.3,155
1775706318.563,0.512,0.326,0.186,0.35,0.353,-0.003,155.0,154
1775706318.713,0.511,0.326,0.185,0.35,0.355,-0.005,154.4,154
1775706318.863,0.51,0.326,0.183,0.35,0.354,-0.004,154.3,154
1775706319.013,0.509,0.326,0.183,0.35,0.352,-0.002,154.7,154
1775706319.163,0.508,0.326,0.182,0.35,0.35,0.0,155.0,154
1775706319.314,0.507,0.325,0.182,0.35,0.347,0.003,155.5,155
1775706319.464,0.507,0.325,0.182,0.35,0.346,0.004,156.0,155
1775706319.614,0.509,0.324,0.185,0.35,0.344,0.006,156.5,156
1775706319.764,0.517,0.324,0.194,0.35,0.345,0.005,156.5,156
1775706319.914,0.525,0.324,0.201,0.35,0.347,0.003,156.4,156
1775706320.065,0.532,0.324,0.209,0.35,0.348,0.002,156.4,156
1775706320.216,0.562,0.324,0.238,0.35,0.35,-0.0,156.0,156
1775706320.367,0.588,0.325,0.264,0.35,0.352,-0.002,155.7,155
1775706320.515,0.61,0.325,0.285,0.35,0.352,-0.002,155.7,155
1775706320.666,0.629,0.325,0.303,0.35,0.353,-0.003,155.3,155
1775706320.815,0.623,0.326,0.297,0.35,0.356,-0.006,154.5,154
1775706320.966,0.618,0.327,0.291,0.35,0.36,-0.01,153.3,153
1775706321.116,0.614,0.328,0.286,0.35,0.362,-0.012,152.4,152
1775706321.266,0.61,0.329,0.282,0.35,0.361,-0.011,151.9,151
1775706321.416,0.628,0.329,0.299,0.35,0.36,-0.01,151.5,151
1775706321.566,0.643,0.329,0.315,0.35,0.357,-0.007,151.6,151
1775706321.716,0.656,0.328,0.328,0.35,0.355,-0.005,151.6,151
1775706321.866,0.668,0.328,0.339,0.35,0.355,-0.005,151.2,151
1775706322.017,0.678,0.328,0.35,0.35,0.354,-0.004,151.1,151
1775706322.167,0.686,0.328,0.358,0.35,0.355,-0.005,150.7,150
1775706322.317,0.693,0.328,0.366,0.35,0.354,-0.004,150.6,150
1775706322.467,0.7,0.327,0.372,0.35,0.353,-0.003,150.7,150
1775706322.618,0.705,0.327,0.378,0.35,0.35,0.0,151.3,151
1775706322.768,0.709,0.326,0.383,0.35,0.346,0.004,152.0,152
1775706322.918,0.713,0.325,0.388,0.35,0.344,0.006,152.7,152
1775706323.068,0.716,0.324,0.392,0.35,0.342,0.008,153.4,153
1775706323.218,0.719,0.323,0.396,0.35,0.343,0.007,153.7,153
1775706323.368,0.722,0.323,0.398,0.35,0.346,0.004,153.3,153
1775706323.519,0.724,0.323,0.4,0.35,0.348,0.002,153.1,153
1775706323.669,0.725,0.324,0.402,0.35,0.348,0.002,153.3,153
1775706323.819,0.727,0.324,0.403,0.35,0.347,0.003,153.6,153
1775706323.969,0.707,0.324,0.383,0.35,0.347,0.003,153.9,153
1775706324.12,0.711,0.323,0.387,0.35,0.346,0.004,154.2,154
1775706324.27,0.693,0.323,0.37,0.35,0.348,0.002,154.1,154
1775706324.42,0.698,0.324,0.374,0.35,0.35,0.0,153.8,153
1775706324.57,0.702,0.324,0.377,0.35,0.352,-0.002,153.2,153
1775706324.72,0.704,0.325,0.379,0.35,0.353,-0.003,153.0,152
1775706324.87,0.686,0.325,0.36,0.35,0.354,-0.004,152.6,152
1775706325.02,0.67,0.326,0.344,0.35,0.352,-0.002,152.8,152
1775706325.171,0.656,0.326,0.33,0.35,0.353,-0.003,152.4,152
1775706325.321,0.644,0.326,0.318,0.35,0.354,-0.004,152.0,152
1775706325.471,0.635,0.326,0.309,0.35,0.354,-0.004,151.7,151
1775706325.622,0.628,0.327,0.302,0.35,0.354,-0.004,151.6,151
1775706325.773,0.621,0.327,0.295,0.35,0.353,-0.003,151.5,151
1775706325.922,0.615,0.326,0.289,0.35,0.351,-0.001,151.8,151
1775706326.072,0.608,0.326,0.282,0.35,0.348,0.002,152.3,152
1775706326.222,0.602,0.325,0.276,0.35,0.347,0.003,152.6,152
1775706326.372,0.594,0.325,0.269,0.35,0.349,0.001,152.4,152
1775706326.523,0.585,0.325,0.26,0.35,0.35,-0.0,152.1,152
1775706326.673,0.577,0.325,0.252,0.35,0.353,-0.003,151.5,151
1775706326.823,0.569,0.326,0.243,0.35,0.354,-0.004,151.3,151
1775706326.973,0.56,0.326,0.234,0.35,0.354,-0.004,150.9,150
1775706327.124,0.55,0.326,0.224,0.35,0.353,-0.003,151.1,151
1775706327.273,0.54,0.326,0.214,0.35,0.35,0.0,151.6,151
1775706327.424,0.53,0.325,0.205,0.35,0.347,0.003,152.1,152
1775706327.574,0.518,0.325,0.193,0.35,0.348,0.002,151.9,151
1775706327.724,0.501,0.324,0.177,0.35,0.345,0.005,152.8,152
1775706327.874,0.485,0.324,0.161,0.35,0.344,0.006,153.2,153
1775706328.024,0.47,0.324,0.147,0.35,0.345,0.005,153.3,153
1775706328.175,0.455,0.323,0.132,0.35,0.345,0.005,153.7,153
1775706328.325,0.44,0.323,0.117,0.35,0.346,0.004,153.8,153
1775706328.475,0.425,0.323,0.102,0.35,0.346,0.004,153.9,153
1775706328.626,0.411,0.323,0.088,0.35,0.347,0.003,154.0,154
1775706328.775,0.397,0.323,0.073,0.35,0.348,0.002,153.9,153
1775706328.925,0.384,0.324,0.06,0.35,0.349,0.001,153.8,153
1775706329.076,0.372,0.324,0.048,0.35,0.349,0.001,154.0,153
1775706329.226,0.361,0.324,0.037,0.35,0.349,0.001,154.1,154
1775706329.376,0.35,0.324,0.026,0.35,0.349,0.001,154.2,154
1775706329.526,0.341,0.324,0.017,0.35,0.349,0.001,154.0,154
1775706329.676,0.333,0.324,0.009,0.35,0.349,0.001,154.2,154
1775706329.828,0.324,0.324,-0.001,0.346,0.349,-0.003,153.3,153
1775706329.977,0.314,0.324,-0.01,0.316,0.349,-0.033,145.9,145
1775706330.127,0.305,0.324,-0.018,0.286,0.344,-0.058,138.9,138
1775706330.278,0.297,0.322,-0.025,0.256,0.335,-0.079,131.2,131
1775706330.427,0.288,0.319,-0.031,0.226,0.323,-0.097,123.0,122
1775706330.578,0.279,0.316,-0.037,0.196,0.308,-0.112,114.3,114
1775706330.728,0.269,0.31,-0.041,0.166,0.288,-0.122,105.6,105
1775706330.88,0.26,0.303,-0.043,0.136,0.265,-0.129,97.2,97
1775706331.028,0.251,0.295,-0.044,0.106,0.239,-0.133,89.0,88
1775706331.178,0.243,0.284,-0.041,0.076,0.205,-0.129,82.4,82
1775706331.328,0.235,0.272,-0.037,0.046,0.169,-0.123,76.0,76
1775706331.478,0.226,0.258,-0.032,0.016,0.137,-0.121,69.3,69
1775706331.629,0.218,0.245,-0.027,0.0,0.109,-0.109,64.9,64
1775706331.779,0.21,0.232,-0.022,0.0,0.085,-0.085,64.1,64
1775706331.929,0.203,0.22,-0.017,0.0,0.067,-0.067,62.8,62
1775706332.079,0.195,0.209,-0.013,0.0,0.052,-0.052,61.8,61
1775706332.229,0.189,0.199,-0.01,0.0,0.04,-0.04,61.2,61
1775706332.38,0.183,0.191,-0.008,0.0,0.032,-0.032,60.4,60
1775706332.53,0.176,0.184,-0.007,0.0,0.026,-0.026,59.7,60
1775706332.68,0.171,0.178,-0.007,0.0,0.02,-0.02,59.4,60
1775706332.83,0.165,0.173,-0.008,0.0,0.016,-0.016,59.0,60
1775706332.98,0.16,0.169,-0.009,0.0,0.013,-0.013,58.6,60
1775706333.13,0.154,0.166,-0.011,0.0,0.012,-0.012,58.1,60
1775706333.281,0.149,0.163,-0.015,0.0,0.011,-0.011,-2.2,0
1775706333.431,0.143,0.161,-0.018,0.0,0.01,-0.01,-2.1,0
1775706333.581,0.138,0.16,-0.022,0.0,0.01,-0.01,-2.0,0
1775706333.731,0.133,0.158,-0.026,0.0,0.009,-0.009,-1.9,0
1775706333.881,0.128,0.157,-0.03,0.0,0.009,-0.009,-1.8,0
1775706334.031,0.122,0.157,-0.034,0.0,0.008,-0.008,-1.7,0
1775706334.182,0.117,0.156,-0.039,0.0,0.008,-0.008,-2.0,0
1775706334.332,0.113,0.155,-0.042,0.0,0.008,-0.008,-1.9,0
1775706334.482,0.11,0.155,-0.044,0.0,0.007,-0.007,-1.8,0
1775706334.632,0.109,0.155,-0.046,0.0,0.007,-0.007,-1.7,0
1775706334.783,0.108,0.154,-0.046,0.0,0.006,-0.006,-1.6,0
1775706334.933,0.108,0.154,-0.046,0.0,0.006,-0.006,-1.5,0
1775706335.083,0.108,0.154,-0.046,0.0,0.006,-0.006,-1.4,0
1775706335.233,0.106,0.153,-0.047,0.0,0.006,-0.006,-1.4,0
1775706335.383,0.103,0.153,-0.05,0.0,0.005,-0.005,-1.3,0
1775706335.533,0.099,0.153,-0.054,0.0,0.005,-0.005,-1.2,0
1775706335.684,0.095,0.153,-0.058,0.0,0.005,-0.005,-1.2,0
1775706335.834,0.091,0.153,-0.062,0.0,0.005,-0.005,-1.1,0
1775706335.986,0.087,0.153,-0.065,0.0,0.004,-0.004,-1.1,0
1775706336.135,0.083,0.152,-0.069,0.0,0.004,-0.004,-1.0,0
1775706336.285,0.078,0.152,-0.074,0.0,0.004,-0.004,-1.0,0
1775706336.436,0.074,0.152,-0.078,0.0,0.004,-0.004,-0.9,0
1775706336.586,0.07,0.152,-0.082,0.0,0.004,-0.004,-0.9,0
1775706336.735,0.066,0.152,-0.086,0.0,0.003,-0.003,-0.8,0
1775706336.885,0.062,0.152,-0.09,0.0,0.003,-0.003,-0.8,0
1775706337.035,0.058,0.152,-0.094,0.0,0.003,-0.003,-0.7,0
1775706337.186,0.054,0.152,-0.097,0.0,0.003,-0.003,-0.7,0
1775706337.336,0.051,0.152,-0.101,0.0,0.003,-0.003,-0.7,0
1775706337.486,0.048,0.152,-0.103,0.0,0.003,-0.003,-0.6,0
1775706337.636,0.046,0.151,-0.106,0.0,0.002,-0.002,-0.6,0
1775706337.786,0.044,0.151,-0.107,0.0,0.002,-0.002,-0.6,0
1775706337.936,0.042,0.151,-0.109,0.0,0.002,-0.002,-0.5,0
1775706338.087,0.04,0.151,-0.111,0.0,0.002,-0.002,-0.5,0
1775706338.237,0.038,0.151,-0.113,0.0,0.002,-0.002,-0.5,0
1775706338.387,0.036,0.151,-0.115,0.0,0.002,-0.002,-0.5,0
1775706338.537,0.631,0.151,0.48,0.35,0.002,0.348,86.0,90
1775706338.687,1.136,0.151,0.985,0.35,0.005,0.345,92.6,92
1775706338.837,1.136,0.153,0.983,0.35,0.019,0.331,109.6,109
1775706338.988,1.136,0.158,0.978,0.35,0.041,0.309,123.9,123
1775706339.138,1.136,0.164,0.972,0.35,0.067,0.283,136.4,136
1775706339.289,1.136,0.172,0.964,0.35,0.091,0.259,147.9,147
1775706339.439,1.136,0.182,0.954,0.35,0.124,0.226,155.8,155
1775706339.589,1.136,0.196,0.941,0.35,0.172,0.178,158.6,158
1775706339.739,1.136,0.211,0.925,0.35,0.216,0.134,159.9,159
1775706339.889,1.136,0.227,0.909,0.35,0.252,0.098,160.5,160
1775706340.039,1.136,0.243,0.893,0.35,0.277,0.073,161.3,161
1775706340.189,1.136,0.257,0.88,0.35,0.297,0.053,161.7,161
1775706340.339,1.136,0.269,0.867,0.35,0.311,0.039,161.9,161
1775706340.49,1.136,0.28,0.856,0.35,0.324,0.026,161.7,161
1775706340.64,1.136,0.288,0.848,0.35,0.331,0.019,161.9,161
1775706340.79,1.136,0.296,0.84,0.35,0.335,0.015,162.2,162
1775706340.94,1.136,0.302,0.834,0.35,0.338,0.012,162.4,162
1775706341.091,1.136,0.306,0.83,0.35,0.339,0.011,163.1,163
1775706341.241,1.136,0.311,0.825,0.35,0.348,0.002,161.5,161
1775706341.391,1.136,0.316,0.82,0.35,0.362,-0.012,158.6,158
1775706341.541,1.136,0.321,0.815,0.35,0.374,-0.024,155.4,155
1775706341.693,1.136,0.326,0.81,0.35,0.382,-0.032,152.4,152
1775706341.842,1.136,0.33,0.806,0.35,0.386,-0.036,149.8,149
1775706341.993,1.136,0.334,0.802,0.35,0.387,-0.037,147.8,147
1775706342.146,1.136,0.336,0.8,0.35,0.383,-0.033,146.5,146
1775706513.047,0.263,0.15,0.113,0.35,0.0,0.35,86.3,90
1775706513.05,0.263,0.15,0.113,0.35,0.0,0.35,94.0,93
1775706513.201,0.263,0.157,0.105,0.35,0.059,0.291,100.0,99
1775706513.354,0.263,0.165,0.098,0.35,0.073,0.277,115.6,115
1775706513.503,0.264,0.172,0.092,0.35,0.091,0.259,127.9,127
1775706513.651,0.267,0.181,0.086,0.35,0.112,0.238,138.4,138
1775706513.801,0.271,0.192,0.079,0.35,0.147,0.203,144.6,144
1775706513.951,0.275,0.205,0.07,0.35,0.189,0.161,147.3,147
1775706514.101,0.28,0.22,0.061,0.35,0.228,0.122,148.7,148
1775706514.252,0.286,0.235,0.051,0.35,0.259,0.091,149.6,149
1775706514.402,0.291,0.249,0.043,0.35,0.281,0.069,150.5,150
1775706514.552,0.301,0.261,0.04,0.35,0.296,0.054,151.7,151
1775706514.702,0.31,0.272,0.038,0.35,0.307,0.043,152.7,152
1775706514.852,0.317,0.28,0.037,0.35,0.314,0.036,154.0,154
1775706515.003,0.324,0.287,0.037,0.35,0.317,0.033,155.5,155
1775706515.153,0.331,0.293,0.037,0.35,0.321,0.029,156.6,156
1775706515.303,0.337,0.298,0.039,0.35,0.327,0.023,157.0,156
1775706515.453,0.344,0.303,0.042,0.35,0.332,0.018,157.3,157
1775706515.603,0.352,0.306,0.046,0.35,0.335,0.015,157.7,157
1775706515.754,0.364,0.31,0.054,0.35,0.341,0.009,157.2,157
1775706515.904,0.375,0.314,0.061,0.35,0.349,0.001,156.1,156
1775706516.054,0.385,0.316,0.068,0.35,0.35,0.0,156.2,156
1775706516.204,0.392,0.318,0.074,0.35,0.349,0.001,156.3,156
1775706516.355,0.399,0.32,0.079,0.35,0.35,-0.0,156.2,156
1775706516.505,0.405,0.322,0.083,0.35,0.352,-0.002,155.9,155
1775706516.655,0.409,0.322,0.086,0.35,0.348,0.002,156.8,156
1775706516.805,0.412,0.322,0.089,0.35,0.345,0.005,157.4,157
1775706516.955,0.414,0.322,0.092,0.35,0.343,0.007,158.2,158
1775706517.106,0.416,0.322,0.094,0.35,0.342,0.008,158.7,158
1775706517.256,0.411,0.322,0.089,0.35,0.342,0.008,159.2,159
1775706517.406,0.404,0.322,0.082,0.35,0.345,0.005,158.8,158
1775706517.556,0.394,0.322,0.072,0.35,0.347,0.003,158.8,158
1775706517.706,0.38,0.323,0.058,0.35,0.347,0.003,159.0,158
1775706517.857,0.367,0.323,0.044,0.35,0.345,0.005,159.8,159
1775706518.007,0.353,0.322,0.031,0.35,0.344,0.006,160.3,160
1775706518.157,0.34,0.322,0.018,0.35,0.344,0.006,160.6,160
1775706518.307,0.325,0.322,0.004,0.35,0.341,0.009,161.6,161
1775706518.457,0.31,0.321,-0.011,0.32,0.339,-0.019,155.2,155
1775706518.61,0.297,0.321,-0.024,0.29,0.337,-0.047,148.1,148
1775706518.761,0.285,0.32,-0.034,0.26,0.333,-0.073,140.0,139
1775706518.909,0.273,0.318,-0.045,0.23,0.325,-0.095,131.2,131
1775706519.058,0.261,0.315,-0.054,0.2,0.311,-0.111,122.5,122
1775706519.208,0.248,0.31,-0.062,0.17,0.294,-0.124,113.4,113
1775706519.358,0.238,0.305,-0.068,0.14,0.278,-0.138,103.1,103
1775706519.509,0.228,0.298,-0.071,0.11,0.257,-0.147,93.5,93
1775706519.659,0.218,0.29,-0.071,0.08,0.229,-0.149,84.7,84
1775706519.81,0.21,0.279,-0.069,0.05,0.19,-0.14,78.2,78
1775706519.959,0.202,0.266,-0.064,0.02,0.157,-0.137,70.4,70
1775706520.109,0.194,0.253,-0.059,0.0,0.129,-0.129,64.4,64
1775706520.259,0.185,0.24,-0.054,0.0,0.099,-0.099,63.7,63
1775706520.409,0.176,0.227,-0.051,0.0,0.076,-0.076,62.7,62
1775706520.56,0.167,0.215,-0.048,0.0,0.059,-0.059,61.6,61
1775706520.71,0.158,0.204,-0.046,0.0,0.046,-0.046,60.7,60
1775706520.86,0.149,0.195,-0.046,0.0,0.035,-0.035,-7.1,0
1775706521.01,0.141,0.188,-0.047,0.0,0.034,-0.034,-7.0,0
1775706521.16,0.134,0.183,-0.049,0.0,0.032,-0.032,-6.7,0
1775706521.31,0.127,0.178,-0.052,0.0,0.03,-0.03,-6.3,0
1775706521.461,0.119,0.175,-0.056,0.0,0.029,-0.029,-7.1,0
1775706521.611,0.113,0.172,-0.059,0.0,0.027,-0.027,-6.8,0
1775706521.761,0.106,0.17,-0.064,0.0,0.026,-0.026,-6.4,0
1775706521.911,0.1,0.168,-0.068,0.0,0.025,-0.025,-6.1,0
1775706522.061,0.093,0.166,-0.073,0.0,0.024,-0.024,-5.8,0
1775706522.211,0.087,0.165,-0.078,0.0,0.022,-0.022,-5.5,0
1775706522.362,0.082,0.164,-0.082,0.0,0.021,-0.021,-5.2,0
1775706522.512,0.078,0.163,-0.085,0.0,0.02,-0.02,-5.0,0
1775706522.663,0.076,0.162,-0.086,0.0,0.019,-0.019,-4.7,0
1775706522.812,0.078,0.161,-0.084,0.0,0.018,-0.018,-4.5,0
1775706522.963,0.08,0.161,-0.081,0.0,0.017,-0.017,-4.3,0
1775706523.114,0.08,0.16,-0.08,0.0,0.016,-0.016,-4.0,0
1775706523.263,0.08,0.159,-0.079,0.0,0.016,-0.016,-3.8,0
1775706523.413,0.081,0.159,-0.078,0.0,0.015,-0.015,-3.7,0
1775706523.563,0.081,0.158,-0.077,0.0,0.014,-0.014,-3.5,0
1775706523.715,0.083,0.158,-0.075,0.0,0.013,-0.013,-3.3,0
1775706523.864,0.085,0.158,-0.073,0.0,0.013,-0.013,-3.1,0
1775706524.016,0.086,0.157,-0.071,0.0,0.012,-0.012,-3.0,0
1775706524.166,0.086,0.157,-0.071,0.0,0.011,-0.011,-2.8,0
1775706524.316,0.087,0.156,-0.07,0.0,0.011,-0.011,-2.7,0
1775706524.466,0.086,0.156,-0.07,0.0,0.01,-0.01,-2.6,0
1775706524.616,0.083,0.156,-0.073,0.0,0.01,-0.01,-2.4,0
1775706524.766,0.08,0.156,-0.076,0.0,0.009,-0.009,-2.3,0
1775706524.916,0.076,0.155,-0.08,0.0,0.009,-0.009,-2.2,0
1775706525.066,0.072,0.155,-0.083,0.0,0.008,-0.008,-2.1,0
1775706525.217,0.069,0.155,-0.085,0.0,0.008,-0.008,-2.0,0
1775706525.367,0.066,0.155,-0.089,0.0,0.008,-0.008,-1.9,0
1775706525.518,0.062,0.154,-0.092,0.0,0.007,-0.007,-1.8,0
1775706525.667,0.058,0.154,-0.096,0.0,0.007,-0.007,-1.7,0
1775706525.817,0.055,0.154,-0.099,0.0,0.007,-0.007,-1.6,0
1775706525.967,0.052,0.154,-0.101,0.0,0.006,-0.006,-1.5,0
1775706526.118,0.049,0.153,-0.104,0.0,0.006,-0.006,-1.5,0
1775706526.267,0.046,0.153,-0.107,0.0,0.006,-0.006,-1.4,0
1775706526.417,0.043,0.153,-0.11,0.0,0.005,-0.005,-1.3,0
1775706526.568,0.041,0.153,-0.112,0.0,0.005,-0.005,-1.2,0
1775706526.718,0.038,0.153,-0.114,0.0,0.005,-0.005,-1.2,0
1775706526.868,0.037,0.153,-0.116,0.0,0.005,-0.005,-1.1,0
1775706527.019,0.036,0.153,-0.116,0.0,0.004,-0.004,-1.1,0
1775706527.168,0.037,0.152,-0.115,0.0,0.004,-0.004,-1.0,0
1775706527.318,0.039,0.152,-0.113,0.0,0.004,-0.004,-1.0,0
1775706527.469,0.044,0.152,-0.108,0.0,0.004,-0.004,-0.9,0
1775706527.619,0.051,0.152,-0.101,0.0,0.004,-0.004,-0.9,0
1775706527.769,0.059,0.152,-0.093,0.0,0.003,-0.003,-0.8,0
1775706527.919,0.068,0.152,-0.084,0.0,0.003,-0.003,-0.8,0
1775706528.069,0.078,0.152,-0.074,0.0,0.003,-0.003,-0.7,0
1775706528.22,0.09,0.152,-0.062,0.0,0.003,-0.003,-0.7,0
1775706528.37,0.1,0.152,-0.051,0.0,0.003,-0.003,-0.7,0
1775706528.52,0.111,0.152,-0.04,0.0,0.003,-0.003,-0.6,0
1775706528.67,0.123,0.151,-0.029,0.0,0.002,-0.002,-0.5,0
1775706528.82,0.135,0.151,-0.017,0.0,0.002,-0.002,-0.5,0
1775706528.971,0.147,0.151,-0.005,0.0,0.002,-0.002,-0.5,0
1775706529.121,0.159,0.151,0.008,0.18,0.002,0.178,43.9,90
1775706529.271,0.17,0.152,0.019,0.275,0.005,0.271,70.7,90
1775706529.421,0.18,0.153,0.027,0.33,0.012,0.318,94.8,94
1775706529.572,0.187,0.155,0.032,0.35,0.025,0.325,113.4,113
1775706529.722,0.192,0.159,0.033,0.35,0.041,0.309,128.1,128
1775706529.872,0.197,0.165,0.032,0.35,0.064,0.286,141.1,141
1775706530.022,0.202,0.172,0.03,0.35,0.088,0.262,152.8,152
1775706530.173,0.21,0.182,0.028,0.35,0.125,0.225,159.9,159
1775706530.323,0.217,0.195,0.021,0.337,0.169,0.168,160.5,160
1775706530.473,0.223,0.21,0.013,0.309,0.21,0.099,155.2,155
1775706530.627,0.23,0.225,0.005,0.279,0.24,0.038,148.6,148
1775706530.773,0.237,0.239,-0.002,0.249,0.263,-0.015,139.9,139
1775706530.924,0.245,0.251,-0.006,0.227,0.275,-0.048,132.8,132
1775706531.075,0.252,0.261,-0.009,0.207,0.278,-0.071,125.6,125
1775706531.224,0.256,0.267,-0.011,0.177,0.272,-0.095,116.3,116
1775706531.374,0.256,0.271,-0.015,0.147,0.262,-0.116,106.6,106
1775706531.524,0.25,0.271,-0.021,0.117,0.244,-0.127,97.8,97
1775706531.674,0.244,0.268,-0.024,0.087,0.217,-0.13,89.9,89
1775706531.825,0.243,0.262,-0.018,0.057,0.185,-0.129,82.9,82
1775706531.975,0.247,0.253,-0.006,0.027,0.155,-0.128,75.4,75
1775706532.125,0.253,0.243,0.011,0.24,0.124,0.116,128.1,128
1775706532.275,0.259,0.234,0.025,0.334,0.115,0.219,151.3,151
1775706532.425,0.261,0.229,0.032,0.35,0.13,0.22,160.7,160
1775706532.575,0.256,0.229,0.027,0.35,0.155,0.195,167.3,167
1775706532.726,0.246,0.233,0.013,0.32,0.195,0.125,162.3,162
1775706532.876,0.236,0.242,-0.006,0.29,0.235,0.055,155.1,155
1775706533.026,0.227,0.252,-0.025,0.26,0.264,-0.004,146.2,146
1775706533.176,0.227,0.262,-0.034,0.23,0.282,-0.052,136.3,136
1775706533.326,0.232,0.27,-0.038,0.2,0.289,-0.089,126.0,125
1775706533.476,0.241,0.276,-0.034,0.17,0.285,-0.115,115.6,115
1775706533.627,0.249,0.278,-0.029,0.14,0.271,-0.131,106.0,106
1775706533.777,0.256,0.277,-0.022,0.11,0.252,-0.142,96.2,96
1775706533.927,0.259,0.274,-0.015,0.08,0.224,-0.144,87.8,87
1775706534.077,0.257,0.266,-0.009,0.05,0.188,-0.138,81.0,81
1775706534.227,0.249,0.256,-0.007,0.02,0.151,-0.131,74.2,74
1775706534.378,0.242,0.245,-0.002,0.078,0.12,-0.043,88.2,88
1775706534.528,0.237,0.233,0.004,0.157,0.097,0.06,107.7,107
1775706534.678,0.239,0.224,0.016,0.267,0.09,0.177,136.4,136
1775706534.828,0.247,0.218,0.03,0.35,0.1,0.25,160.4,160
1775706534.979,0.253,0.217,0.036,0.35,0.131,0.219,164.8,164
1775706535.129,0.259,0.223,0.036,0.35,0.177,0.173,167.3,167
1775706535.279,0.264,0.232,0.031,0.35,0.223,0.127,167.8,167
1775706535.429,0.268,0.244,0.024,0.35,0.258,0.092,168.2,168
1775706535.579,0.275,0.256,0.019,0.35,0.286,0.064,168.1,168
1775706535.731,0.281,0.268,0.013,0.35,0.305,0.045,168.1,168
1775706535.879,0.286,0.278,0.008,0.35,0.319,0.031,168.0,168
1775706536.03,0.287,0.287,-0.0,0.327,0.329,-0.002,162.2,162
1775706536.18,0.286,0.295,-0.009,0.297,0.337,-0.04,154.0,154
1775706536.33,0.285,0.301,-0.016,0.267,0.342,-0.074,144.5,144
1775706536.481,0.288,0.306,-0.019,0.237,0.341,-0.104,134.1,134
1775706536.63,0.295,0.309,-0.013,0.236,0.331,-0.095,131.4,131
1775706536.781,0.302,0.308,-0.006,0.272,0.316,-0.044,138.1,138
1775706536.931,0.308,0.307,0.001,0.31,0.303,0.007,146.2,146
1775706537.081,0.31,0.305,0.005,0.329,0.297,0.032,150.9,150
1775706537.231,0.311,0.303,0.008,0.347,0.296,0.051,156.6,156
1775706537.382,0.315,0.302,0.013,0.35,0.299,0.051,158.7,158
1775706537.532,0.322,0.302,0.019,0.35,0.307,0.043,159.9,159
1775706537.682,0.328,0.304,0.024,0.35,0.315,0.035,160.6,160
1775706537.832,0.334,0.306,0.028,0.35,0.323,0.027,161.0,160
1775706537.982,0.342,0.308,0.034,0.35,0.333,0.017,160.3,160
1775706538.133,0.355,0.312,0.043,0.35,0.343,0.007,159.3,159
1775706538.283,0.365,0.314,0.051,0.35,0.344,0.006,159.8,159
1775706538.433,0.374,0.317,0.057,0.35,0.351,-0.001,158.4,158
1775706538.583,0.383,0.32,0.063,0.35,0.358,-0.008,156.9,156
1775706538.733,0.393,0.323,0.07,0.35,0.36,-0.01,156.3,156
1775706538.883,0.402,0.324,0.077,0.35,0.361,-0.011,155.5,155
1775706539.033,0.409,0.326,0.082,0.35,0.362,-0.012,154.5,154
1775706539.183,0.414,0.327,0.087,0.35,0.361,-0.011,154.3,154
1775706539.334,0.419,0.327,0.092,0.35,0.356,-0.006,154.8,154
1775706539.484,0.428,0.326,0.101,0.35,0.347,0.003,156.5,156
1775706539.634,0.438,0.325,0.113,0.35,0.342,0.008,157.5,157
1775706539.784,0.447,0.324,0.123,0.35,0.341,0.009,158.1,158
1775706539.934,0.454,0.323,0.131,0.35,0.341,0.009,158.6,158
1775706540.085,0.46,0.322,0.138,0.35,0.339,0.011,159.7,159
1775706540.235,0.465,0.321,0.144,0.35,0.333,0.017,161.6,161
1775706540.385,0.47,0.319,0.151,0.35,0.329,0.021,163.4,163
1775706540.535,0.474,0.318,0.156,0.35,0.329,0.021,164.5,164
1775706540.686,0.477,0.317,0.159,0.35,0.331,0.019,165.2,165
1775706540.838,0.473,0.317,0.156,0.35,0.332,0.018,166.1,166
1775706540.986,0.469,0.317,0.152,0.35,0.335,0.015,166.4,166
1775706541.136,0.461,0.318,0.143,0.35,0.338,0.012,166.6,166
1775706541.286,0.452,0.318,0.134,0.35,0.341,0.009,166.8,166
1775706541.437,0.442,0.319,0.123,0.35,0.34,0.01,167.7,167
1775706541.586,0.429,0.319,0.11,0.35,0.341,0.009,168.0,167
1775706541.737,0.41,0.32,0.09,0.35,0.343,0.007,168.1,168
1775706541.887,0.393,0.32,0.073,0.35,0.342,0.008,168.8,168
1775706542.037,0.373,0.32,0.052,0.35,0.343,0.007,169.1,169
1775706542.187,0.355,0.321,0.034,0.35,0.348,0.002,168.2,168
1775706542.338,0.337,0.323,0.015,0.35,0.355,-0.005,166.8,166
1775706542.488,0.316,0.325,-0.008,0.32,0.36,-0.04,158.1,158
1775706542.638,0.294,0.326,-0.032,0.29,0.361,-0.071,149.4,149
1775706542.788,0.275,0.326,-0.051,0.26,0.354,-0.094,140.8,140
1775706542.938,0.258,0.325,-0.067,0.23,0.344,-0.114,131.2,131
1775706543.088,0.244,0.323,-0.079,0.2,0.333,-0.133,120.5,120
1775706543.239,0.226,0.319,-0.093,0.17,0.316,-0.146,110.2,110
1775706543.389,0.211,0.314,-0.103,0.14,0.293,-0.153,100.5,100
1775706543.539,0.198,0.306,-0.108,0.11,0.264,-0.154,91.6,91
1775706543.689,0.185,0.295,-0.11,0.08,0.227,-0.147,84.2,84
1775706543.839,0.171,0.282,-0.111,0.05,0.187,-0.137,77.9,77
1775706543.989,0.16,0.268,-0.109,0.02,0.152,-0.132,70.7,70
1775706544.14,0.149,0.254,-0.104,0.0,0.122,-0.122,-25.2,0
1775706544.29,0.141,0.239,-0.099,0.0,0.092,-0.092,-18.3,0
1775706544.44,0.133,0.228,-0.095,0.0,0.088,-0.088,-18.2,0
1775706544.59,0.125,0.219,-0.094,0.0,0.083,-0.083,-17.3,0
1775706544.74,0.117,0.212,-0.094,0.0,0.079,-0.079,-19.5,0
1775706544.89,0.115,0.206,-0.091,0.0,0.075,-0.075,-18.5,0
1775706545.041,0.119,0.201,-0.082,0.0,0.071,-0.071,-17.6,0
1775706545.191,0.124,0.196,-0.072,0.0,0.068,-0.068,-14.1,0
1775706545.341,0.13,0.193,-0.063,0.0,0.064,-0.064,-13.4,0
1775706545.491,0.135,0.19,-0.055,0.0,0.061,-0.061,-12.7,0
1775706545.642,0.147,0.187,-0.04,0.0,0.058,-0.058,-12.1,0
1775706545.791,0.162,0.185,-0.022,0.0,0.055,-0.055,-11.5,0
1775706545.944,0.174,0.183,-0.009,0.0,0.053,-0.053,-10.9,0
1775706546.093,0.185,0.181,0.004,0.138,0.05,0.088,23.7,60
1775706546.243,0.196,0.179,0.017,0.262,0.047,0.215,55.0,60
1775706546.394,0.21,0.176,0.034,0.35,0.038,0.312,86.9,86
1775706546.543,0.223,0.174,0.049,0.35,0.034,0.316,102.5,102
1775706546.694,0.232,0.173,0.059,0.35,0.043,0.307,118.6,118
1775706546.844,0.234,0.175,0.059,0.35,0.059,0.291,133.1,133
1775706546.994,0.227,0.178,0.049,0.35,0.075,0.275,146.6,146
1775706547.144,0.212,0.183,0.029,0.35,0.096,0.254,158.2,158
1775706547.294,0.2,0.192,0.008,0.32,0.135,0.185,156.7,156
1775706547.444,0.193,0.204,-0.011,0.29,0.179,0.111,151.9,151
1775706547.594,0.187,0.217,-0.03,0.26,0.214,0.046,145.0,144
1775706547.744,0.182,0.23,-0.048,0.23,0.242,-0.012,135.8,135
1775706547.894,0.169,0.242,-0.073,0.2,0.257,-0.057,126.2,126
1775706548.045,0.154,0.252,-0.098,0.17,0.263,-0.093,115.6,115
1775706548.195,0.141,0.259,-0.118,0.14,0.259,-0.119,-25.9,0
1775706548.345,0.13,0.258,-0.128,0.11,0.211,-0.101,-20.5,0
1775706548.495,0.121,0.256,-0.135,0.08,0.2,-0.12,-26.0,0
1775706548.645,0.114,0.253,-0.14,0.05,0.19,-0.14,-34.6,0
1775706548.795,0.107,0.25,-0.143,0.02,0.181,-0.161,-39.6,0
1775706548.945,0.107,0.247,-0.14,0.0,0.172,-0.172,-42.3,0
1775706549.096,0.109,0.243,-0.134,0.0,0.163,-0.163,-40.2,0
1775706549.246,0.11,0.239,-0.129,0.0,0.155,-0.155,-38.2,0
1775706549.396,0.109,0.235,-0.126,0.0,0.147,-0.147,-36.3,0
1775706549.546,0.105,0.231,-0.126,0.0,0.14,-0.14,-34.5,0
1775706549.696,0.102,0.228,-0.125,0.0,0.133,-0.133,-32.8,0
1775706549.846,0.1,0.224,-0.124,0.0,0.126,-0.126,-31.1,0
1775706549.997,0.098,0.22,-0.123,0.0,0.12,-0.12,-29.6,0
1775706550.147,0.089,0.217,-0.128,0.0,0.114,-0.114,-28.1,0
1775706550.297,0.082,0.214,-0.132,0.0,0.108,-0.108,-26.7,0
1775706550.447,0.075,0.211,-0.135,0.0,0.103,-0.103,-25.4,0
1775706550.597,0.078,0.208,-0.13,0.0,0.098,-0.098,-24.1,0
1775706550.748,0.081,0.205,-0.124,0.0,0.093,-0.093,-22.9,0
1775706550.898,0.084,0.202,-0.118,0.0,0.088,-0.088,-21.7,0
1775706551.048,0.097,0.2,-0.103,0.0,0.084,-0.084,-20.6,0
1775706551.198,0.107,0.197,-0.09,0.0,0.08,-0.08,-19.6,0
1775706551.348,0.117,0.195,-0.078,0.0,0.076,-0.076,-18.6,0
1775706551.499,0.128,0.193,-0.065,0.0,0.072,-0.072,-14.9,0
1775706551.649,0.143,0.19,-0.047,0.0,0.068,-0.068,-14.2,0
1775706551.799,0.156,0.188,-0.032,0.0,0.065,-0.065,-13.5,0
1775706551.949,0.166,0.187,-0.02,0.0,0.062,-0.062,-12.8,0
1775706552.1,0.175,0.185,-0.009,0.0,0.058,-0.058,-12.2,0
1775706552.251,0.183,0.183,0.0,0.071,0.056,0.015,6.0,60
1775706552.401,0.198,0.18,0.018,0.27,0.044,0.226,56.1,60
1775706552.551,0.21,0.177,0.033,0.35,0.034,0.316,83.9,83
1775706552.702,0.221,0.174,0.046,0.35,0.033,0.317,99.2,99
1775706552.851,0.229,0.173,0.056,0.35,0.041,0.309,115.7,115
1775706553.001,0.234,0.175,0.059,0.35,0.059,0.291,129.6,129
1775706553.151,0.239,0.179,0.06,0.35,0.082,0.268,141.7,141
1775706553.301,0.243,0.185,0.058,0.35,0.107,0.243,152.0,151
1775706553.452,0.245,0.193,0.052,0.35,0.137,0.213,159.7,159
1775706553.602,0.248,0.205,0.043,0.35,0.181,0.169,162.4,162
1775706553.752,0.254,0.22,0.035,0.35,0.225,0.125,163.1,163
1775706553.902,0.26,0.235,0.025,0.35,0.263,0.087,162.8,162
1775706554.052,0.264,0.25,0.014,0.35,0.293,0.057,161.8,161
1775706554.202,0.268,0.265,0.003,0.336,0.314,0.021,157.4,157
1775706554.353,0.269,0.277,-0.009,0.306,0.33,-0.024,148.8,148
1775706554.503,0.267,0.288,-0.021,0.276,0.338,-0.062,139.6,139
1775706554.653,0.265,0.296,-0.03,0.246,0.339,-0.093,129.8,129
1775706554.803,0.255,0.301,-0.045,0.216,0.331,-0.115,120.0,119
1775706554.954,0.245,0.303,-0.058,0.186,0.317,-0.131,110.2,110
1775706555.104,0.234,0.302,-0.068,0.156,0.298,-0.142,100.3,100
1775706555.254,0.221,0.298,-0.077,0.126,0.275,-0.149,90.8,90
1775706555.404,0.208,0.291,-0.082,0.096,0.238,-0.142,83.9,83
1775706555.554,0.196,0.28,-0.085,0.066,0.196,-0.13,78.3,78
1775706555.705,0.182,0.268,-0.086,0.036,0.161,-0.125,71.5,71
1775706555.855,0.168,0.255,-0.087,0.006,0.133,-0.128,63.4,63
1775706556.005,0.157,0.242,-0.085,0.0,0.103,-0.103,62.1,62
1775706556.155,0.149,0.228,-0.079,0.0,0.078,-0.078,-15.5,0
1775706556.305,0.146,0.218,-0.072,0.0,0.074,-0.074,-15.5,0
1775706556.455,0.144,0.21,-0.066,0.0,0.071,-0.071,-14.7,0
1775706556.605,0.144,0.203,-0.06,0.0,0.067,-0.067,-14.0,0
1775706556.755,0.142,0.198,-0.056,0.0,0.064,-0.064,-13.3,0
1775706556.905,0.137,0.194,-0.056,0.0,0.061,-0.061,-12.6,0
